{
  "full": {
    "bal_acc": 0.6996902834405534,
    "auc": 0.8975156887076485
  },
  "video_zeroed": {
    "bal_acc": 0.25,
    "auc": 0.5629334283821229
  },
  "audio_zeroed": {
    "bal_acc": 0.6586753358943985,
    "auc": 0.8732762091058469
  }
}